date,channel,source,medium,device_category,country,users,sessions,engaged_sessions,engagement_time_msec,purchases,revenue
2026-05-06,Direct,(direct),(none),desktop,Singapore,43,43,0,0,0,0
2026-05-06,Direct,(direct),(none),desktop,United States,2,2,1,64968,0,0
2026-05-06,Referral,statics.gov.teams.microsoft.us,referral,desktop,United States,1,1,0,0,0,0
2026-05-06,Direct,(direct),(none),desktop,Pakistan,1,1,1,85869,0,0
2026-05-05,Direct,(direct),(none),desktop,Singapore,41,41,0,0,0,0
2026-05-05,Direct,(direct),(none),desktop,Pakistan,2,2,2,78406,0,0
2026-05-05,Organic Search,bing,organic,desktop,United States,3,4,3,104170,0,0
2026-05-05,Direct,(direct),(none),desktop,United States,3,4,2,147506,0,0
2026-05-05,Organic Search,google,organic,desktop,Pakistan,1,1,0,0,0,0
2026-05-05,Direct,(direct),(none),mobile,United States,5,8,2,122959,0,0
2026-05-05,Organic Search,google,organic,mobile,United States,1,1,1,15036,0,0
2026-05-05,Referral,statics.gov.teams.microsoft.us,referral,desktop,United States,1,1,0,717,0,0
2026-05-04,Direct,(direct),(none),desktop,Singapore,44,44,0,0,0,0
2026-05-04,Direct,(direct),(none),desktop,United States,3,3,1,6,0,0
2026-05-04,Direct,(direct),(none),desktop,India,1,1,0,0,0,0
2026-05-04,Direct,(direct),(none),desktop,Pakistan,1,1,1,648082,0,0
2026-05-04,Direct,(direct),(none),mobile,United States,1,1,1,184425,0,0
2026-05-04,Direct,(direct),(none),mobile,China,1,1,0,0,0,0
2026-05-04,Referral,ncmahq.org,referral,desktop,United States,1,1,1,75733,0,0
2026-05-03,Direct,(direct),(none),desktop,Singapore,28,28,0,0,0,0
2026-05-03,Organic Search,google,organic,mobile,United States,1,2,0,0,0,0
2026-05-03,Direct,(direct),(none),mobile,United States,1,2,0,0,0,0
2026-05-03,Direct,(direct),(none),desktop,United States,1,1,0,234,0,0
2026-05-03,Direct,(direct),(none),desktop,China,2,2,0,0,0,0
2026-05-02,Organic Search,google,organic,mobile,United States,1,1,0,103,0,0
2026-05-02,Direct,(direct),(none),desktop,United States,5,5,0,0,0,0
2026-05-02,Direct,(direct),(none),desktop,Singapore,35,35,0,0,0,0
2026-05-02,Direct,(direct),(none),mobile,Vietnam,1,1,0,0,0,0
2026-05-02,Direct,(direct),(none),mobile,United States,2,2,1,55443,0,0
2026-05-02,Organic Search,google,organic,desktop,United States,1,2,0,221,0,0
2026-05-01,Direct,(direct),(none),desktop,Singapore,44,44,0,0,0,0
2026-05-01,Direct,(direct),(none),mobile,United States,2,4,4,120235,0,0
2026-05-01,Referral,jsc14.pimeyes.com,referral,mobile,United States,1,1,0,3083,0,0
2026-05-01,Organic Search,google,organic,mobile,United States,1,1,1,62577,0,0
2026-05-01,Organic Search,google,organic,desktop,United States,1,2,0,25,0,0
2026-05-01,Direct,(direct),(none),desktop,United States,2,3,3,1751436,0,0
2026-05-01,Referral,ncmahq.org,referral,desktop,United States,1,1,1,20298,0,0
2026-04-30,Direct,(direct),(none),desktop,Singapore,99,99,0,0,0,0
2026-04-30,Direct,(direct),(none),desktop,United States,2,2,0,7071,0,0
2026-04-30,Direct,(direct),(none),mobile,China,2,2,0,0,0,0
2026-04-30,Organic Search,google,organic,mobile,United States,1,1,0,0,0,0
2026-04-29,Direct,(direct),(none),desktop,Singapore,71,71,0,0,0,0
2026-04-29,Organic Search,google,organic,mobile,United States,1,6,0,0,0,0
2026-04-29,Direct,(direct),(none),desktop,Indonesia,1,1,1,27408,0,0
2026-04-29,Organic Search,google,organic,desktop,United States,2,2,0,0,0,0
2026-04-29,Direct,(direct),(none),desktop,United States,1,1,0,3123,0,0
2026-04-28,Direct,(direct),(none),desktop,Singapore,59,59,0,0,0,0
2026-04-28,Organic Search,google,organic,desktop,United States,1,1,0,225,0,0
2026-04-28,Organic Search,duckduckgo,organic,mobile,United States,1,1,1,64440,0,0
2026-04-28,Direct,(direct),(none),desktop,United States,1,1,0,0,0,0
2026-04-28,Organic Search,google,organic,mobile,United States,1,1,1,161379,0,0
2026-04-27,Direct,(direct),(none),desktop,Singapore,30,30,0,0,0,0
2026-04-27,Referral,ncmahq.org,referral,desktop,United States,1,2,1,2598,0,0
2026-04-26,Direct,(direct),(none),desktop,Singapore,35,35,0,0,0,0
2026-04-26,Direct,(direct),(none),desktop,United States,1,1,0,0,0,0
2026-04-25,Direct,(direct),(none),desktop,Singapore,37,37,0,0,0,0
2026-04-25,Organic Search,yahoo,organic,desktop,United States,1,1,0,7708,0,0
2026-04-25,Referral,ncmahq.org,referral,desktop,United States,1,1,1,62135,0,0
2026-04-25,Direct,(direct),(none),desktop,United States,2,2,0,0,0,0
2026-04-24,Direct,(direct),(none),desktop,Singapore,47,47,0,0,0,0
2026-04-24,Direct,(direct),(none),desktop,United States,3,3,1,90431,0,0
2026-04-24,Direct,(direct),(none),mobile,United States,1,2,1,30693,0,0
2026-04-24,Direct,(direct),(none),desktop,Pakistan,1,1,1,75362,0,0
2026-04-23,Direct,(direct),(none),desktop,Singapore,21,21,0,0,0,0
2026-04-23,Direct,(direct),(none),desktop,United States,3,3,1,68253,0,0
2026-04-23,Referral,linkedin.com,referral,mobile,United States,1,1,1,47338,1,0
2026-04-23,Referral,statics.teams.cdn.office.net,referral,desktop,United States,1,2,1,46713,0,0
2026-04-23,Organic Search,google,organic,mobile,United States,1,2,1,136359,0,0
2026-04-22,Organic Search,google,organic,mobile,United States,1,2,1,40296,1,0
2026-04-22,Direct,(direct),(none),desktop,Singapore,20,20,0,0,0,0
2026-04-22,Direct,(direct),(none),desktop,United States,3,3,2,214190,0,0
2026-04-22,Direct,(direct),(none),mobile,United States,2,2,2,27213,0,0
2026-04-20,Direct,(direct),(none),desktop,United States,1,1,0,0,0,0
2026-04-20,Organic Search,google,organic,mobile,United States,1,2,0,0,0,0
2026-04-20,Direct,(direct),(none),mobile,United States,1,2,1,32896,0,0
2026-04-19,Direct,(direct),(none),desktop,Singapore,39,39,0,0,0,0
2026-04-19,Direct,(direct),(none),desktop,Germany,1,1,1,0,0,0
2026-04-19,Direct,(direct),(none),desktop,Switzerland,1,1,1,0,0,0
2026-04-19,Organic Search,google,organic,mobile,United States,1,1,0,0,0,0
2026-04-19,Organic Search,google,organic,desktop,United States,1,1,1,20576,0,0
2026-04-19,Direct,(direct),(none),desktop,United States,2,2,1,0,0,0
2026-04-18,Direct,(direct),(none),desktop,Singapore,83,83,0,0,0,0
2026-04-18,Organic Search,google,organic,mobile,United States,1,3,0,0,0,0
2026-04-18,Organic Search,google,organic,desktop,United States,2,3,2,134554,0,0
2026-04-18,Direct,(direct),(none),desktop,Russia,1,1,0,0,0,0
2026-04-17,Direct,(direct),(none),desktop,Singapore,62,62,0,0,0,0
2026-04-17,Direct,(direct),(none),desktop,United States,3,3,1,36739,0,0
2026-04-17,Direct,(direct),(none),mobile,United States,2,3,2,29637,0,0
2026-04-17,Organic Search,google,organic,mobile,United States,1,5,1,184,0,0
2026-04-17,Referral,paypal.com,referral,mobile,United States,1,1,0,0,0,0
2026-04-17,Organic Search,google,organic,desktop,United States,1,1,1,32375,0,0
2026-04-16,Direct,(direct),(none),desktop,Singapore,104,104,0,0,0,0
2026-04-16,Organic Search,google,organic,desktop,United States,3,3,1,119200,0,0
2026-04-16,Organic Search,google,organic,mobile,United States,1,4,3,0,0,0
2026-04-16,Direct,(direct),(none),desktop,United States,2,2,1,15986,0,0
2026-04-16,Direct,(direct),(none),mobile,China,1,1,0,7359,0,0
2026-04-15,Direct,(direct),(none),desktop,Singapore,110,110,0,0,0,0
2026-04-15,Direct,(direct),(none),mobile,United States,3,3,0,101,0,0
2026-04-15,Organic Search,google,organic,mobile,United States,2,3,2,14227,0,0
2026-04-15,Organic Search,google,organic,desktop,United States,1,1,1,46467,0,0
2026-04-15,Direct,(direct),(none),desktop,United States,4,4,1,1387584,0,0
2026-04-14,Direct,(direct),(none),desktop,Singapore,94,94,0,0,0,0
2026-04-14,Direct,(direct),(none),desktop,United States,1,1,1,43772,0,0
2026-04-13,Direct,(direct),(none),desktop,Singapore,75,75,0,0,0,0
2026-04-13,Direct,(direct),(none),desktop,United States,5,5,2,123962,0,0
2026-04-12,Direct,(direct),(none),desktop,Singapore,97,97,0,0,0,0
2026-04-12,Direct,(direct),(none),desktop,United States,2,2,0,1519,0,0
2026-04-11,Direct,(direct),(none),desktop,Singapore,83,83,0,840,0,0
2026-04-11,Organic Search,google,organic,mobile,United States,1,2,0,366,0,0
2026-04-11,Direct,(direct),(none),mobile,China,2,2,0,0,0,0
2026-04-11,Direct,(direct),(none),desktop,United States,2,2,0,0,0,0
2026-04-10,Direct,(direct),(none),desktop,United States,13,17,7,1215159,0,0
2026-04-10,Direct,(direct),(none),desktop,Singapore,116,116,0,0,0,0
2026-04-09,Organic Search,google,organic,mobile,United States,1,3,3,362,0,0
2026-04-09,Direct,(direct),(none),desktop,Singapore,22,22,0,0,0,0
2026-04-09,Direct,(direct),(none),desktop,Philippines,1,1,0,0,0,0
2026-04-09,Direct,(direct),(none),desktop,United States,5,8,4,95877,0,0
2026-04-09,Direct,(direct),(none),mobile,United States,3,4,2,491685,0,0
2026-04-09,Direct,(direct),(none),mobile,China,1,1,0,0,0,0
2026-04-09,Direct,(direct),(none),desktop,Indonesia,1,1,1,18369,0,0
2026-04-09,Direct,(direct),(none),desktop,Pakistan,2,2,1,3839,0,0
2026-04-09,Referral,docs.google.com,referral,desktop,Vietnam,1,1,0,2453,0,0
2026-04-09,Organic Search,bing,organic,desktop,United States,1,1,1,31323,0,0
2026-04-08,Direct,(direct),(none),desktop,Singapore,46,46,0,0,0,0
2026-04-08,Direct,(direct),(none),mobile,United States,4,5,2,108422,0,0
2026-04-08,Direct,(direct),(none),desktop,United States,6,6,1,12253,0,0
2026-04-08,Organic Search,bing,organic,desktop,United States,1,1,1,126165,0,0
2026-04-08,Referral,docs.google.com,referral,desktop,Vietnam,2,2,1,84362,0,0
2026-04-07,Referral,docs.google.com,referral,desktop,India,1,1,1,23777,0,0
2026-04-07,Organic Search,google,organic,desktop,United States,1,1,0,5723,0,0
2026-04-07,Direct,(direct),(none),desktop,Singapore,12,12,0,0,0,0
2026-04-07,Direct,(direct),(none),mobile,United States,1,3,0,0,0,0
2026-04-07,Referral,link.edgepilot.com,referral,desktop,United States,1,1,1,422812,0,0
2026-04-07,Direct,(direct),(none),desktop,Pakistan,1,1,0,0,0,0
2026-04-07,Direct,(direct),(none),desktop,United States,1,2,1,3947,0,0
2026-04-06,Direct,(direct),(none),desktop,Singapore,7,7,0,0,0,0
2026-04-06,Referral,linkedin.com,referral,mobile,United States,2,2,1,40266,0,0
2026-04-06,Direct,(direct),(none),desktop,United States,2,3,2,1356997,0,0
2026-04-06,Direct,(direct),(none),mobile,United States,1,1,1,79448,0,0
2026-04-06,Organic Search,google,organic,mobile,United States,1,1,0,0,0,0
2026-04-05,Direct,(direct),(none),desktop,Singapore,10,10,0,0,0,0
2026-04-05,Referral,docs.google.com,referral,desktop,Vietnam,1,1,1,22442,0,0
2026-04-04,Direct,(direct),(none),desktop,Singapore,8,8,0,0,0,0
2026-04-04,Direct,(direct),(none),mobile,Mexico,1,1,0,0,0,0
2026-04-04,Direct,(direct),(none),mobile,Brazil,1,1,0,0,0,0
2026-04-04,Direct,(direct),(none),desktop,Pakistan,1,1,0,0,0,0
2026-04-03,Direct,(direct),(none),desktop,Singapore,13,13,0,0,0,0
2026-04-02,Referral,incrementors.com,referral,desktop,India,1,1,0,0,0,0
2026-04-02,Organic Search,bing,organic,desktop,United States,1,1,1,36114,0,0
2026-04-02,Direct,(direct),(none),desktop,Singapore,32,32,0,0,0,0
2026-04-02,Organic Search,google,organic,desktop,United States,2,2,2,25734,0,0
2026-04-02,Direct,(direct),(none),mobile,United States,1,3,1,0,0,0
2026-04-02,Direct,(direct),(none),desktop,United States,2,2,1,463,0,0
2026-04-02,Direct,(direct),(none),desktop,Pakistan,2,2,1,87501,0,0
2026-04-01,Direct,(direct),(none),desktop,Singapore,28,28,0,0,0,0
2026-04-01,Referral,link.edgepilot.com,referral,desktop,United States,1,1,1,22075,0,0
2026-04-01,Direct,(direct),(none),mobile,United States,2,2,0,0,0,0
2026-04-01,Direct,(direct),(none),desktop,United States,3,3,1,32718,0,0
2026-04-01,Organic Search,bing,organic,desktop,United States,1,2,1,19293,0,0
2026-04-01,Referral,mailchi.mp,referral,desktop,United States,1,1,0,0,0,0
2026-03-31,Direct,(direct),(none),mobile,United States,24,43,20,986465,0,0
2026-03-31,Direct,(direct),(none),desktop,United States,14,17,6,456106,0,0
2026-03-31,Direct,(direct),(none),desktop,Singapore,33,33,0,0,0,0
2026-03-31,Organic Search,google,organic,mobile,United States,4,5,4,294102,0,0
2026-03-31,Referral,mailchi.mp,referral,desktop,United States,1,1,0,0,0,0
2026-03-31,Direct,(direct),(none),desktop,Vietnam,1,1,1,72793,0,0
2026-03-31,Organic Search,google,organic,desktop,United States,3,3,3,238943,0,0
2026-03-31,Referral,linkedin.com,referral,mobile,United States,3,3,2,39816,0,0
2026-03-31,Organic Search,yahoo,organic,mobile,United States,1,1,0,4,0,0
2026-03-30,Direct,(direct),(none),desktop,Singapore,74,74,0,0,0,0
2026-03-30,Direct,(direct),(none),desktop,United States,15,16,9,860416,0,0
2026-03-30,Organic Search,bing,organic,desktop,United States,1,3,3,541014,0,0
2026-03-30,Direct,(direct),(none),mobile,United States,9,11,3,310983,0,0
2026-03-30,Organic Search,google,organic,mobile,United States,5,6,4,615124,0,0
2026-03-30,Referral,mailchi.mp,referral,desktop,United States,1,3,3,222417,0,0
2026-03-30,Referral,statics.teams.cdn.office.net,referral,desktop,United States,1,1,1,110928,0,0
2026-03-30,Organic Search,yahoo,organic,mobile,United States,1,1,1,120210,0,0
2026-03-30,Referral,jsc9.pimeyes.com,referral,mobile,United States,2,2,1,17492,0,0
2026-03-30,Direct,(direct),(none),desktop,Germany,1,1,1,0,0,0
2026-03-30,Referral,linkedin.com,referral,mobile,United States,2,2,0,0,0,0
2026-03-30,Organic Search,google,organic,desktop,United States,1,1,1,62053,0,0
2026-03-29,Direct,(direct),(none),desktop,Singapore,132,132,0,0,0,0
2026-03-29,Organic Search,google,organic,mobile,United States,1,3,1,12440,0,0
2026-03-29,Referral,mailchi.mp,referral,desktop,United States,1,2,2,130748,0,0
2026-03-29,Direct,(direct),(none),mobile,United States,1,1,1,271863,0,0
2026-03-29,Direct,(direct),(none),desktop,United States,1,1,1,30591,0,0
2026-03-28,Direct,(direct),(none),desktop,Singapore,124,124,0,0,0,0
2026-03-28,Direct,(direct),(none),mobile,United States,5,6,1,54567,0,0
2026-03-28,Direct,(direct),(none),desktop,Pakistan,1,1,0,2472,0,0
2026-03-28,Organic Search,google,organic,mobile,United States,1,2,1,0,0,0
2026-03-28,Direct,(direct),(none),desktop,United States,3,3,2,131031,0,0
2026-03-28,Direct,(direct),(none),desktop,China,1,1,0,0,0,0
2026-03-27,Direct,(direct),(none),desktop,Singapore,108,108,0,0,0,0
2026-03-27,Direct,(direct),(none),mobile,United States,11,12,6,126611,0,0
2026-03-27,Organic Search,google,organic,mobile,United States,3,5,1,16429,0,0
2026-03-27,Referral,linkedin.com,referral,mobile,United States,2,2,1,116985,0,0
2026-03-27,Direct,(direct),(none),desktop,India,1,1,1,33121,0,0
2026-03-27,Referral,linkedin.com,referral,desktop,United States,1,2,0,151,0,0
2026-03-27,Referral,statics.teams.cdn.office.net,referral,desktop,United States,1,1,0,273,0,0
2026-03-27,Direct,(direct),(none),desktop,United States,8,8,2,110801,0,0
2026-03-27,Organic Search,google,organic,desktop,United States,2,4,3,67213,0,0
2026-03-26,Direct,(direct),(none),desktop,Singapore,98,98,0,0,0,0
2026-03-26,Direct,(direct),(none),mobile,United States,3,3,1,629,0,0
2026-03-26,Direct,(direct),(none),desktop,United States,8,10,4,264145,0,0
2026-03-26,Organic Search,google,organic,mobile,United States,1,1,0,0,0,0
2026-03-26,Organic Search,google,organic,desktop,United States,2,3,3,20041,0,0
2026-03-26,Referral,linkedin.com,referral,mobile,United States,2,2,1,0,0,0
2026-03-25,Direct,(direct),(none),desktop,United States,12,13,6,580819,0,0
2026-03-25,Direct,(direct),(none),desktop,Singapore,143,143,0,0,0,0
2026-03-25,Referral,div26.jpl.nasa.gov,referral,desktop,United States,1,1,1,195245,0,0
2026-03-25,Organic Search,google,organic,desktop,United States,3,5,2,65792,0,0
2026-03-25,Referral,ncmahq.org,referral,desktop,United States,1,2,1,69583,0,0
2026-03-25,Organic Search,google,organic,desktop,Philippines,1,1,1,71224,0,0
2026-03-25,Direct,(direct),(none),mobile,United States,5,6,2,74196,0,0
2026-03-25,Organic Search,google,organic,mobile,United States,1,2,1,22457,0,0
2026-03-24,Direct,(direct),(none),desktop,United States,13,16,5,257802,0,0
2026-03-24,Direct,(direct),(none),desktop,Singapore,70,70,0,0,0,0
2026-03-24,Referral,ahrefs.com,referral,desktop,India,1,1,0,1349,0,0
2026-03-24,Organic Search,google,organic,mobile,United States,1,2,1,14544,0,0
2026-03-24,Direct,(direct),(none),desktop,Sweden,1,1,0,0,0,0
2026-03-24,Direct,(direct),(none),mobile,United States,4,6,2,27145,0,0
2026-03-24,Organic Search,google,organic,desktop,United States,2,3,3,101953,0,0
2026-03-24,Organic Search,bing,organic,desktop,United States,2,4,2,50157,0,0
2026-03-24,Referral,statics.teams.cdn.office.net,referral,desktop,United States,2,2,2,60022,0,0
2026-03-24,Direct,(direct),(none),desktop,India,1,1,1,76797,0,0
2026-03-24,Direct,(direct),(none),desktop,China,1,1,0,0,0,0
2026-03-24,Direct,(direct),(none),desktop,Netherlands,1,1,0,0,0,0
2026-03-23,Direct,(direct),(none),desktop,United States,3,4,2,81322,0,0
2026-03-23,Direct,(direct),(none),desktop,Singapore,49,49,0,0,0,0
2026-03-23,Direct,(direct),(none),mobile,United States,2,5,2,285715,0,0
2026-03-23,Organic Search,google,organic,desktop,United States,1,1,1,5558,0,0
2026-03-23,Referral,statics.gov.teams.microsoft.us,referral,desktop,United States,1,1,1,70487,0,0
2026-03-23,Direct,(direct),(none),desktop,India,1,1,1,138434,0,0
2026-03-23,Referral,docs.google.com,referral,desktop,Vietnam,1,1,1,89214,0,0
2026-03-22,Direct,(direct),(none),desktop,Singapore,28,28,0,0,0,0
2026-03-22,Direct,(direct),(none),desktop,Sweden,1,1,0,0,0,0
2026-03-22,Direct,(direct),(none),mobile,United States,1,1,1,38919,0,0
2026-03-21,Direct,(direct),(none),desktop,Singapore,30,30,0,0,0,0
2026-03-21,Direct,(direct),(none),mobile,United States,2,2,2,61518,0,0
2026-03-21,Direct,(direct),(none),desktop,India,1,1,0,2207,0,0
2026-03-21,Direct,(direct),(none),desktop,United States,1,1,0,198,0,0
2026-03-20,Direct,(direct),(none),desktop,Singapore,59,59,0,0,0,0
2026-03-20,Direct,(direct),(none),mobile,United States,2,4,0,221,0,0
2026-03-20,Direct,(direct),(none),desktop,United States,7,8,4,239770,0,0
2026-03-20,Organic Search,google,organic,mobile,United States,1,2,2,34625,0,0
2026-03-20,Direct,(direct),(none),desktop,India,1,1,1,51698,0,0
2026-03-19,Direct,(direct),(none),desktop,Singapore,32,32,0,0,0,0
2026-03-19,Organic Search,bing,organic,desktop,United States,1,1,1,13782,0,0
2026-03-19,Direct,(direct),(none),desktop,Philippines,1,1,1,8750,0,0
2026-03-19,Direct,(direct),(none),desktop,China,1,1,0,8811,0,0
2026-03-19,Direct,(direct),(none),mobile,United States,3,3,3,176140,0,0
2026-03-19,Direct,(direct),(none),desktop,Pakistan,2,6,2,219088,0,0
2026-03-19,Organic Search,google,organic,mobile,United States,1,1,0,4421,0,0
2026-03-19,Referral,ncmahq.org,referral,desktop,United States,1,1,1,11023,0,0
2026-03-19,Direct,(direct),(none),desktop,United States,1,1,0,0,0,0
2026-03-19,Organic Search,google,organic,desktop,China,1,1,0,2364,0,0
2026-03-18,Direct,(direct),(none),desktop,Singapore,31,31,0,0,0,0
2026-03-18,Direct,(direct),(none),desktop,Israel,1,1,0,8737,0,0
2026-03-18,Organic Search,bing,organic,desktop,United States,2,5,2,114526,0,0
2026-03-18,Direct,(direct),(none),desktop,United States,15,16,5,210100,0,0
2026-03-18,Referral,linkedin.com,referral,mobile,United States,1,1,0,0,0,0
2026-03-18,Organic Search,google,organic,mobile,United States,1,1,1,12832,0,0
2026-03-18,Organic Search,google,organic,desktop,United States,1,1,1,11496,0,0
2026-03-18,Referral,linkedin.com,referral,desktop,United States,1,1,0,9765,0,0
2026-03-18,Direct,(direct),(none),mobile,United States,1,1,0,0,0,0
2026-03-17,Direct,(direct),(none),desktop,Singapore,14,14,0,0,0,0
2026-03-17,Organic Search,bing,organic,desktop,United States,1,1,1,181900,0,0
2026-03-17,Referral,statics.gov.teams.microsoft.us,referral,desktop,United States,1,1,1,81849,0,0
2026-03-17,Direct,(direct),(none),desktop,United States,2,2,0,0,0,0
2026-03-17,Referral,backlinks.live,referral,desktop,India,1,1,1,37888,0,0
2026-03-17,Other,ig,social,mobile,United States,1,1,1,2444,0,0
2026-03-16,Organic Search,bing,organic,desktop,United States,1,1,0,0,0,0
2026-03-16,Direct,(direct),(none),desktop,Singapore,58,58,0,0,0,0
2026-03-16,Direct,(direct),(none),desktop,United States,19,21,7,832466,0,0
2026-03-16,Organic Search,google,organic,desktop,United States,1,1,1,22560,0,0
2026-03-16,Direct,(direct),(none),mobile,United States,6,7,3,115831,0,0
2026-03-16,Direct,(direct),(none),desktop,,1,1,1,17564,0,0
2026-03-15,Direct,(direct),(none),desktop,Singapore,39,39,0,0,0,0
2026-03-15,Direct,(direct),(none),desktop,United States,1,1,0,0,0,0
2026-03-14,Direct,(direct),(none),desktop,Singapore,37,37,0,0,0,0
2026-03-14,Direct,(direct),(none),desktop,United States,1,1,1,48146,0,0
2026-03-14,Direct,(direct),(none),mobile,United States,1,2,1,234,0,0
2026-03-14,Organic Search,google,organic,desktop,United States,1,1,1,43840,0,0
2026-03-13,Direct,(direct),(none),desktop,Singapore,11,11,0,0,0,0
2026-03-13,Direct,(direct),(none),desktop,United States,3,4,2,83532,0,0
2026-03-13,Referral,link.edgepilot.com,referral,desktop,United States,1,2,2,123518,0,0
2026-03-13,Organic Search,google,organic,desktop,United States,1,1,1,376786,0,0
2026-03-13,Direct,(direct),(none),mobile,United States,1,2,2,85141,0,0
2026-03-12,Direct,(direct),(none),desktop,United States,7,8,2,160748,0,0
2026-03-12,Direct,(direct),(none),desktop,Singapore,30,30,0,0,0,0
2026-03-12,Referral,link.edgepilot.com,referral,desktop,United States,1,1,1,28673,0,0
2026-03-12,Direct,(direct),(none),mobile,United States,2,2,0,54,0,0
2026-03-11,Direct,(direct),(none),desktop,Singapore,53,53,0,0,0,0
2026-03-11,Direct,(direct),(none),desktop,China,6,6,0,0,0,0
2026-03-11,Direct,(direct),(none),desktop,United States,6,7,6,252147,0,0
2026-03-11,Organic Search,google,organic,mobile,United States,1,2,1,12627,0,0
2026-03-11,Direct,(direct),(none),mobile,United States,3,3,1,4461,0,0
2026-03-11,Referral,statics.teams.cdn.office.net,referral,desktop,United States,1,1,0,246,0,0
2026-03-11,Referral,link.edgepilot.com,referral,desktop,United States,1,1,0,474,0,0
2026-03-10,Direct,(direct),(none),desktop,United States,3,3,1,15231,0,0
2026-03-10,Direct,(direct),(none),desktop,Singapore,31,31,0,0,0,0
2026-03-10,Direct,(direct),(none),desktop,China,17,17,0,5512,0,0
2026-03-10,Organic Search,google,organic,mobile,United States,1,2,1,7894,0,0
2026-03-10,Direct,(direct),(none),mobile,United States,1,2,1,9153,0,0
2026-03-09,Direct,(direct),(none),desktop,United States,6,9,6,696888,0,0
2026-03-09,Direct,(direct),(none),desktop,Singapore,27,27,0,0,0,0
2026-03-09,Organic Search,google,organic,desktop,United States,1,2,1,50788,0,0
2026-03-09,Organic Search,google,organic,mobile,United States,1,2,1,6672,0,0
2026-03-09,Direct,(direct),(none),mobile,United States,2,3,1,119,0,0
2026-03-09,Direct,(direct),(none),desktop,China,13,13,0,0,0,0
2026-03-09,Referral,linkedin.com,referral,mobile,United States,1,1,1,19075,0,0
2026-03-08,Direct,(direct),(none),desktop,China,9,9,0,0,0,0
2026-03-08,Direct,(direct),(none),desktop,Singapore,35,35,0,0,0,0
2026-03-08,Direct,(direct),(none),desktop,Philippines,1,1,1,48142,0,0
2026-03-08,Organic Search,google,organic,mobile,United States,1,1,1,17511,0,0
2026-03-08,Direct,(direct),(none),desktop,United States,3,3,1,80183,0,0
2026-03-07,Direct,(direct),(none),desktop,Singapore,26,26,0,392,0,0
2026-03-07,Direct,(direct),(none),mobile,United States,1,1,0,1,0,0
2026-03-07,Direct,(direct),(none),desktop,India,1,2,0,0,0,0
2026-03-07,Organic Search,google,organic,desktop,United States,1,2,1,8611,0,0
2026-03-07,Direct,(direct),(none),desktop,China,18,18,0,0,0,0
2026-03-07,Direct,(direct),(none),desktop,Philippines,1,1,1,2737,0,0
